open_time,open,high,low,close,volume,close_time,quote_volume,count,taker_buy_volume,taker_buy_quote_volume,ignore
1730160000000,69939.90,73660.00,69733.00,72739.50,382502.060,1730246399999,27502269768.00910,4796294,199025.299,14310964149.76510,0
