open_time,open,high,low,close,volume,close_time,quote_volume,count,taker_buy_volume,taker_buy_quote_volume,ignore
1705881600000,41579.90,41692.30,39402.00,39567.00,459024.106,1705967999999,18601094756.09346,5215198,221559.288,8980786542.59356,0
