open_time,open,high,low,close,volume,close_time,quote_volume,count,taker_buy_volume,taker_buy_quote_volume,ignore
1689638400000,30126.00,30227.50,29400.00,29845.60,337396.417,1689724799999,10078127136.72446,3129615,163290.524,4878520240.56572,0
