open_time,open,high,low,close,volume,close_time,quote_volume,count,taker_buy_volume,taker_buy_quote_volume,ignore
1669507200000,16449.20,16594.20,16396.00,16422.60,189370.345,1669593599999,3128892691.87660,1165521,95297.449,1574638605.16320,0
