open_time,open,high,low,close,volume,close_time,quote_volume,count,taker_buy_volume,taker_buy_quote_volume,ignore
1729555200000,67368.70,67825.00,66536.50,67406.40,218518.977,1729641599999,14691178661.73700,3051273,106501.520,7161365642.60920,0
