open_time,open,high,low,close,volume,close_time,quote_volume,count,taker_buy_volume,taker_buy_quote_volume,ignore
1728000000000,60727.10,62457.10,60434.10,62054.40,234795.836,1728086399999,14447838961.21820,3191780,117924.251,7256208032.65300,0
