open_time,open,high,low,close,volume,close_time,quote_volume,count,taker_buy_volume,taker_buy_quote_volume,ignore
1720224000000,56604.90,58472.00,56000.00,58216.00,178580.022,1720310399999,10197761341.39678,2224590,93488.592,5341818153.85595,0
