open_time,open,high,low,close,volume,close_time,quote_volume,count,taker_buy_volume,taker_buy_quote_volume,ignore
1703894400000,42095.10,42654.60,41550.00,42174.20,183890.670,1703980799999,7750535197.76647,1910363,91329.738,3849562064.15121,0
