open_time,open,high,low,close,volume,close_time,quote_volume,count,taker_buy_volume,taker_buy_quote_volume,ignore
1691971200000,29293.30,29686.70,29070.00,29419.50,295035.383,1692057599999,8677120731.75313,2235064,147796.690,4347419271.95404,0
