open_time,open,high,low,close,volume,close_time,quote_volume,count,taker_buy_volume,taker_buy_quote_volume,ignore
1726444800000,59100.50,59182.20,57446.30,58187.00,250699.432,1726531199999,14603341245.01310,3119099,124364.721,7245223849.43700,0
