open_time,open,high,low,close,volume,close_time,quote_volume,count,taker_buy_volume,taker_buy_quote_volume,ignore
1730073600000,67992.70,70331.00,67584.20,69940.00,256128.622,1730159999999,17649920563.69780,3334954,135854.890,9364715099.58750,0
