open_time,open,high,low,close,volume,close_time,quote_volume,count,taker_buy_volume,taker_buy_quote_volume,ignore
1727395200000,65139.10,66450.00,64788.00,65749.60,226404.021,1727481599999,14875897055.11340,2828264,115294.899,7576778937.05850,0
